external_zone_id,external_canton,assigned_municipality,gateway_zone_id,gateway_municipality,gateway_distance_m,source_background_outbound_trips,source_background_inbound_trips
132101002,SZ,Wädenswil,13401001,Wädenswil,3449.675764487825,12.455843,12.800152
132201006,SZ,Stäfa,15801011,Stäfa,1889.0524073043716,9.581713,8.946204
132201007,SZ,Stäfa,15801011,Stäfa,3183.2681946701823,29.343681,28.032935
132201011,SZ,Stäfa,15801011,Stäfa,2373.7795111189916,21.006533,21.266402
132201015,SZ,Hombrechtikon,15301003,Hombrechtikon,4212.827718442778,28.700352,30.957864
132301001,SZ,Wädenswil,13401001,Wädenswil,2338.6651502888208,15.123585,16.552450999999998
132301002,SZ,Richterswil,13801007,Richterswil,866.9450127271219,7.067041,7.625112
170101001,ZG,Kappel am Albis,601001,Kappel am Albis,2403.668321481308,6.51987,6.885511
170101007,ZG,Kappel am Albis,601001,Kappel am Albis,1953.4482685307057,4.399956,4.902977
170101021,ZG,Hausen am Albis,401002,Hausen am Albis,2469.8914859099823,21.563783,20.36259
170201002,ZG,Maschwanden,801001,Maschwanden,2144.8873090724765,1.758838,1.977324
170201007,ZG,Knonau,701002,Knonau,1890.9003381423224,5.754741,5.426228
170201010,ZG,Knonau,701002,Knonau,2454.8049902341922,5.571043,5.522038
170401002,ZG,Wädenswil,14001001,Wädenswil,3818.858326124025,10.741894,10.75444
170401003,ZG,Horgen,13201002,Horgen,4089.160990047825,10.560403,10.928833
170501001,ZG,Horgen,13201001,Horgen,2031.4474594555854,8.449914,8.354693
170501002,ZG,Horgen,13201001,Horgen,2590.2880871167076,13.79524,13.772006
170601005,ZG,Wädenswil,13401001,Wädenswil,5253.795330018807,4.911108,4.835852
170801004,ZG,Knonau,701002,Knonau,1794.8058309865646,3.678522,3.957207
293301001,SH,Eglisau,5501003,Eglisau,1762.9140803479922,6.813428,6.078773
293701002,SH,Laufen-Uhwiesen,3401001,Laufen-Uhwiesen,2836.513852695787,15.289137,14.426832999999998
293701007,SH,Laufen-Uhwiesen,3401001,Laufen-Uhwiesen,1914.8494119159197,9.81026,9.804999
293701008,SH,Flurlingen,2901001,Flurlingen,1549.5641568298565,5.742657,5.702781
293801001,SH,Flaach,2801001,Flaach,2795.9155647556613,10.112497,9.863653
293901005,SH,Flurlingen,2901001,Flurlingen,1740.2041312027402,5.781164,5.655418999999999
293901014,SH,Feuerthalen,2701001,Feuerthalen,670.0633007324082,7.984161999999999,10.136491
293901024,SH,Feuerthalen,2701001,Feuerthalen,956.8726184859714,4.758965,4.43445
293901028,SH,Feuerthalen,2701002,Feuerthalen,1203.6065955539832,4.14629,3.808918
334001001,SG,Hombrechtikon,15301003,Hombrechtikon,2009.8393024378875,8.350341,8.32353
334001002,SG,Bubikon,11201003,Bubikon,1006.3410452950058,4.47444,4.398691
334001003,SG,Hombrechtikon,15301003,Hombrechtikon,2796.383346051296,22.648367,22.912994
334001007,SG,Bubikon,11201003,Bubikon,1436.0625493313607,15.010452,14.991556
334001018,SG,Rüti (ZH),11801003,Rüti (ZH),1094.242317187855,4.591037,4.54673
334001024,SG,Rüti (ZH),11801008,Rüti (ZH),2145.2444429231678,6.228839,6.206067
334201001,SG,Wald (ZH),12001003,Wald (ZH),1354.325761960923,16.96444,16.048464
334201006,SG,Wald (ZH),12001006,Wald (ZH),3126.1394819946086,9.142692,8.876365999999999
339401001,SG,Fischenthal,11401002,Fischenthal,4759.27667475511,4.39544,4.489167
402301001,AG,Dietikon,24301001,Dietikon,1376.2783178397428,6.450894,6.363042999999999
402301002,AG,Dietikon,24301011,Dietikon,690.7238049354521,23.743314,22.565904
404001007,AG,Dietikon,24301001,Dietikon,1322.5066857606798,10.072684,11.831879
404001008,AG,Dietikon,24301007,Dietikon,1336.6563738438151,31.184088,30.033355
404001009,AG,Dietikon,24301008,Dietikon,1183.8609967036596,44.118082,42.194195
404501013,AG,Niederweningen,9101001,Niederweningen,2916.1545083845904,6.48555,5.763347
404501015,AG,Otelfingen,9401001,Otelfingen,2213.3446951608557,15.712522,14.503901
404801001,AG,Otelfingen,9401001,Otelfingen,2164.3799552125997,14.537448,13.269033
404801004,AG,Otelfingen,9401003,Otelfingen,2218.104650667723,11.148881,10.594458
404801005,AG,Hüttikon,8701001,Hüttikon,1157.2600498624327,10.462302,10.834263
404901003,AG,Niederweningen,9101001,Niederweningen,1446.7441789651757,5.871483,5.740246
406101001,AG,Aesch (ZH),24101001,Aesch (ZH),2207.166435412341,16.187903,15.647997
406201003,AG,Birmensdorf (ZH),24201001,Birmensdorf (ZH),2335.903402920197,9.537137,7.824151
407101001,AG,Ottenbach,1101001,Ottenbach,1717.7420062091296,8.254595,7.88906
407101002,AG,Affoltern am Albis,201001,Affoltern am Albis,2145.352970119866,8.354457,8.154307
407401001,AG,Birmensdorf (ZH),24201001,Birmensdorf (ZH),2644.4013970147166,17.140829,16.558289
407501003,AG,Urdorf,25001004,Urdorf,1959.8722591662709,6.025823,5.318825
408401001,AG,Aesch (ZH),24101001,Aesch (ZH),1479.8121871728324,4.990462,6.000878999999999
423401003,AG,Ottenbach,1101002,Ottenbach,2347.65398220504,16.959712,17.050674
423401004,AG,Obfelden,1001002,Obfelden,2025.6504846544924,17.503607,17.600704
430601001,AG,Bachs,8101001,Bachs,3795.1744922545595,15.272713,15.026452999999998
431801001,AG,Niederweningen,9101002,Niederweningen,1972.248415876177,8.223376,8.184317
431901001,AG,Niederweningen,9101002,Niederweningen,2761.261392646794,7.657095,7.510176
453601001,TG,Truttikon,4101001,Truttikon,3538.563671516459,11.964109,12.305811
454501004,TG,Stammheim,4201001,Stammheim,3399.68679961185,3.774799,3.870199
454601001,TG,Trüllikon,4001001,Trüllikon,3006.3604790179297,16.559776,16.407251
455101001,TG,Elgg,21701003,Elgg,1301.8946769311563,10.538024,10.433038
455101002,TG,Elgg,21701003,Elgg,1976.1218077313197,17.155802,17.042629
455101003,TG,Elgg,21701003,Elgg,2671.3262028501317,7.057586,6.815057
455101005,TG,Elgg,21701003,Elgg,1518.3079387145715,11.850934,11.658759
455101008,TG,Hagenbuch,22001001,Hagenbuch,2694.363899879644,7.301692999999999,7.691593
456601001,TG,Ellikon an der Thur,21801001,Ellikon an der Thur,4402.969475472285,14.862931,15.734652
456601008,TG,Hagenbuch,22001001,Hagenbuch,2499.628168989858,15.075157999999998,11.77945
457101001,TG,Wiesendangen,29801005,Wiesendangen,1470.7446293534772,7.072521,7.186169
457101002,TG,Ellikon an der Thur,21801001,Ellikon an der Thur,2120.994605940396,11.517051,11.532503
460101001,TG,Ossingen,3701001,Ossingen,3995.805844455332,12.190827,12.590777
461601001,TG,Altikon,21101001,Altikon,3751.1074844936547,11.439459,11.260545
472101001,TG,Turbenthal,22801005,Turbenthal,2948.0753663932655,4.347471,4.121983
472101002,TG,Turbenthal,22801005,Turbenthal,4516.992714901753,6.719708,6.348795
472601001,TG,Turbenthal,22801005,Turbenthal,4719.565936575694,9.122488,8.962782
482101001,TG,Stammheim,3601001,Stammheim,2516.707994730591,5.187369,5.173913
487101001,TG,Stammheim,4201001,Stammheim,3070.36477249497,6.141212,6.701553
710101001,DE,Feuerthalen,2701002,Feuerthalen,2995.763609960111,1.212751,1.139905
